{
  "examples": 955,
  "failures": [
    "mean_macro_f1<0.7",
    "aspect_category<0.6",
    "evidence_type<0.6",
    "polarity_score<0.6",
    "task_category<0.6"
  ],
  "field_macro_f1": {
    "aspect_category": 0.42067677609279086,
    "evidence_type": 0.41713684042080224,
    "firsthand_flag": 0.762589521925334,
    "polarity_score": 0.33290969138141946,
    "task_category": 0.3643204917183952
  },
  "groups": 185,
  "ready": false
}